,Name,Address,Latitude,Longitude
300,Hotel Serhs Rivoli Rambla,"Carrer la Rambla, 128, 08002 Barcelona (Barcelona), Espanya, Barcelona, Catalunya 08002, ESP",41.3843222,2.1712893
301,Eurostars Bcn Design,"Passeig de Gràcia, 29, 08007 Barcelona (Barcelona), Espanya, Barcelona, Catalunya 08007, ESP",41.3907208,2.1660732
302,Hotel Well and Come,"Carrer de Girona, 158, 08037 Barcelona (Barcelona), Espanya, Barcelona, Catalunya 08037, ESP",41.3991773,2.1656134
303,NH Hesperia Barcelona Presidente,"Avinguda Diagonal, 570, 08021 Barcelona (Barcelona), Espanya, Barcelona, Catalunya 08021, ESP",41.3941338,2.1489569
304,Mercer House B ria BCN,"Carrer Civader, 2, 08003 Barcelona (Barcelona), Espanya, Barcelona, Catalunya 08003, ESP",41.3846844,2.1791065
305,Eurohotel Diagonal Port,"Carrer de Lope de Vega, 4, 08005 Barcelona (Barcelona), Espanya, Barcelona, Catalunya 08005, ESP",41.4006708,2.2087844
306,Negresco Princess 4 Sup,"Carrer de Roger de Llúria, 16, 08010 Barcelona (Barcelona), Espanya, Barcelona, Catalunya 08010, ESP",41.3905166,2.1725643
307,The One Barcelona GL,"Carrer de Provença, 277, 08037 Barcelona (Barcelona), Espanya, Barcelona, Catalunya 08037, ESP",41.3961448,2.1631674
308,Sunotel Club Central,"Carrer de València, 159, 08011 Barcelona (Barcelona), Espanya, Barcelona, Catalunya 08011, ESP",41.38793,2.1568061
309,Ohla Eixample,"Carrer de Còrsega, 289, 08008 Barcelona (Barcelona), Espanya, Barcelona, Catalunya 08008, ESP",41.3944574,2.1564353
310,Hotel The Serras,"Carrer de la Plata, 4, 08002 Barcelona (Barcelona), Espanya, Barcelona, Catalunya 08002, ESP",41.3801815,2.180688
311,Barcelona Princess,"Avinguda Diagonal, 1, 08019 Barcelona (Barcelona), Espanya, Barcelona, Catalunya 08019, ESP",41.4109715,2.2186535
312,NH Collection Barcelona Gran Hotel Calder n,"Carrer de la Diputació, 254B, 08007 Barcelona (Barcelona), Espanya, Barcelona, Catalunya 08007, ESP",41.3894654,2.1662651
313,Hotel Granados 83,"Carrer d'Enric Granados, 83, 08008 Barcelona (Barcelona), Espanya, Barcelona, Catalunya 08008, ESP",41.391843,2.156844
314,Hotel Balmoral,"Via Augusta, 5, 08006 Barcelona (Barcelona), Espanya, Barcelona, Catalunya 08006, ESP",41.3961294,2.1551626
315,Primero Primera,"Carrer del Doctor Carulla, 25, 08017 Barcelona (Barcelona), Espanya, Barcelona, Catalunya 08017, ESP",41.4002812,2.1297427
316,Cotton House Hotel Autograph Collection,"Gran Via de les Corts Catalanes, 670I, 08010 Barcelona (Barcelona), Espanya, Barcelona, Catalunya 08010, ESP",41.3915897,2.1720108
317,Mercer Hotel Barcelona,"Carrer de Lledó, 9, 08002 Barcelona (Barcelona), Espanya, Barcelona, Catalunya 08002, ESP",41.3827,2.1791999
318,Silken Concordia,"Avinguda del Paral.lel, 115, 08004 Barcelona (Barcelona), Espanya, Barcelona, Catalunya 08004, ESP",41.3747873,2.1611846
319,Barcel Sants,"Plaça dels Països Catalans, 08014 Barcelona (Barcelona), Espanya, Barcelona, Catalunya 08014, ESP",41.3798964,2.1412433
320,W Barcelona,"Plaça de la Rosa dels Vents, 1, 08039 Barcelona (Barcelona), Espanya, Barcelona, Catalunya 08039, ESP",41.368437,2.1901534
321,Catalonia Catedral,"Avinguda del Portal de l'Àngel, 3, 08002 Barcelona (Barcelona), Espanya, Barcelona, Catalunya 08002, ESP",41.3846637,2.1740902
322,Silken Gran Hotel Havana,"Gran Via de les Corts Catalanes, 647, 08010 Barcelona (Barcelona), Espanya, Barcelona, Catalunya 08010, ESP",41.3927101,2.1722139
323,Catalonia Diagonal Centro,"Carrer de Balmes, 142, 08008 Barcelona (Barcelona), Espanya, Barcelona, Catalunya 08008, ESP",41.3938632,2.1568039
324,The Wittmore Adults Only,"Carrer de Riudarenes, 9, 08002 Barcelona (Barcelona), Espanya, Barcelona, Catalunya 08002, ESP",41.380939,2.1796095
325,Catalonia Barcelona Plaza,"Gran Via de les Corts Catalanes, 08004 Barcelona (Barcelona), Espanya, Barcelona, Catalunya 08004, ESP",41.3750293,2.1491172
326,Olivia Balmes Hotel,"Carrer de Balmes, 115, 08008 Barcelona (Barcelona), Espanya, Barcelona, Catalunya 08008, ESP",41.392095,2.158493
327,NH Barcelona Stadium,"Travessera de les Corts, 146, 08028 Barcelona (Barcelona), Espanya, Barcelona, Catalunya 08028, ESP",41.3812574,2.1269078
328,The Corner Hotel,"Carrer de Mallorca, 178, 08036 Barcelona (Barcelona), Espanya, Barcelona, Catalunya 08036, ESP",41.3890578,2.1565948
329,Col n Hotel Barcelona,"Avinguda de la Catedral, 7, 08002 Barcelona (Barcelona), Espanya, Barcelona, Catalunya 08002, ESP",41.3849613,2.1756666
330,H10 Urquinaona Plaza,"Plaça d'Urquinaona, 2, 08010 Barcelona (Barcelona), Espanya, Barcelona, Catalunya 08010, ESP",41.3892128,2.1726015
331,Abba Sants,"Carrer de Numància, 32, 08029 Barcelona (Barcelona), Espanya, Barcelona, Catalunya 08029, ESP",41.3825777,2.1400103
332,Banke H tel,"20 Rue La Fayette, 75009 Paris, France, Paris, Île-de-France 75009, FRA",48.8735736,2.335965
333,Best Western Paris Gare Saint Lazare,"18 Rue de Constantinople, 75008 Paris, France, Paris, Île-de-France 75008, FRA",48.8803752,2.319591
334,H tel Beauchamps,"20 Rue du Colisée, 75008 Paris, France, Paris, Île-de-France 75008, FRA",48.87096,2.3091617
335,La Villa Maillot,"143 Avenue de Malakoff, 75116 Paris, France, Paris, Île-de-France 75116, FRA",48.875551,2.2835191
336,Hotel Odeon Saint Germain,"13 Rue Saint-Sulpice, 75006 Paris, France, Paris, Île-de-France 75006, FRA",48.8513515,2.3375084
337,Best Western Plus Elys e Secret,"5 Rue de Ponthieu, 75008 Paris, France, Paris, Île-de-France 75008, FRA",48.8701247,2.311141
338,Mercure Paris Place d Italie,"25 Boulevard Auguste Blanqui, 75013 Paris, France, Paris, Île-de-France 75013, FRA",48.830196,2.3529539
339,Les Jardins Du Marais,"74 Rue Amelot, 75011 Paris, France, Paris, Île-de-France 75011, FRA",48.8605219,2.3680239
340,La Villa Royale,"2 Rue Duperré, 75009 Paris, France, Paris, Île-de-France 75009, FRA",48.8821595,2.3367444
341,Hotel Duminy Vendome,"5 Rue du Mont-Thabor, 75001 Paris, France, Paris, Île-de-France 75001, FRA",48.8654726,2.3292934
342,My Home In Paris,"5 Rue de Malte, 75011 Paris, France, Paris, Île-de-France 75011, FRA",48.8636049,2.3688352
343,Hotel de Seze,"16 Rue de Sèze, 75009 Paris, France, Paris, Île-de-France 75009, FRA",48.8705741,2.3264194
344,Hotel Louvre Montana,"12 Rue Saint-Roch, 75001 Paris, France, Paris, Île-de-France 75001, FRA",48.8644627,2.3318473
345,Villa Alessandra,"7 Place Boulnois, 75017 Paris, France, Paris, Île-de-France 75017, FRA",48.8794223,2.2957628
346,H tel de Lille,"40 Rue de Lille, 75007 Paris, France, Paris, Île-de-France 75007, FRA",48.8585626,2.3299138
347,Hotel Saint Petersbourg Opera,"35 Rue de Caumartin, 75009 Paris, France, Paris, Île-de-France 75009, FRA",48.872174,2.328075
348,Relais Saint Jacques,"3 Rue de l'Abbé de l'Épée, 75005 Paris, France, Paris, Île-de-France 75005, FRA",48.8430523,2.3422519
349,H tel Le Royal Monceau Raffles Paris,"37 Avenue Hoche, 75008 Paris, France, Paris, Île-de-France 75008, FRA",48.8756359,2.3004967
350,Hotel Des Saints Peres Esprit de France,"65 Rue des Saints-Pères, 75006 Paris, France, Paris, Île-de-France 75006, FRA",48.8534026,2.3299043
351,Ritz Paris,"15 Place Vendôme, 75001 Paris, France, Paris, Île-de-France 75001, FRA",48.8679466,2.3289593
352,Bassano,"15 Rue de Bassano, 75116 Paris, France, Paris, Île-de-France 75116, FRA",48.8690596,2.2971078
353,Op ra Marigny,"11 Rue de l'Arcade, 75008 Paris, France, Paris, Île-de-France 75008, FRA",48.871723,2.3235377
354,Mercure Paris Opera Grands Boulevards,"40 Rue des Petites Écuries, 75010 Paris, France, Paris, Île-de-France 75010, FRA",48.8740668,2.3502172
355,Mercure Paris Centre Tour Eiffel,"27 Rue de la Fédération, 75015 Paris, France, Paris, Île-de-France 75015, FRA",48.8548641,2.2923181
356,H tel Le M,"20B Rue de la Gaîté, 75014 Paris, France, Paris, Île-de-France 75014, FRA",48.8397623,2.3235324
357,H tel Balzac,"6 Rue Balzac, 75008 Paris, France, Paris, Île-de-France 75008, FRA",48.8732785,2.3004174
358,Le Relais Madeleine,"11 Rue Godot de Mauroy, 75009 Paris, France, Paris, Île-de-France 75009, FRA",48.870961,2.3267678
359,Ibis Styles Paris Gare Saint Lazare,"9 Rue de Constantinople, 75008 Paris, France, Paris, Île-de-France 75008, FRA",48.8796596,2.3209155
360,H tel Thoumieux,"2B Rue de la Comète, 75007 Paris, France, Paris, Île-de-France 75007, FRA",48.8595985,2.3088076
361,Mercure Paris Montparnasse Raspail,"207 Boulevard Raspail, 75014 Paris, France, Paris, Île-de-France 75014, FRA",48.8412131,2.3302954
362,K K H tel Cayr Saint Germain des Pr s,"4 Boulevard Raspail, 75007 Paris, France, Paris, Île-de-France 75007, FRA",48.8553117,2.3254628
363,Splendid Etoile,"11 Rue de Tilsitt, 75017 Paris, France, Paris, Île-de-France 75017, FRA",48.874707,2.2936761
364,H tel des Champs Elys es,"2 Rue d'Artois, 75008 Paris, France, Paris, Île-de-France 75008, FRA",48.8722884,2.3090359
365,Hotel Parc Saint Severin Esprit de France,"22 Rue de la Parcheminerie, 75005 Paris, France, Paris, Île-de-France 75005, FRA",48.8518584,2.3447798
366,Park Hyatt Paris Vendome,"5 Rue de la Paix, 75002 Paris, France, Paris, Île-de-France 75002, FRA",48.8688155,2.3305236
367,H tel Cristal Champs Elys es,"9 Rue Washington, 75008 Paris, France, Paris, Île-de-France 75008, FRA",48.8726814,2.3020866
368,H tel Hor,"7 Rue de Dunkerque, 75010 Paris, France, Paris, Île-de-France 75010, FRA",48.8793427,2.3577745
369,Paris Marriott Rive Gauche Hotel,"11 Boulevard Saint-Jacques, 75014 Paris, France, Paris, Île-de-France 75014, FRA",48.8315962,2.3399796
370,InterContinental Paris Avenue Marceau,"64 Avenue Marceau, 75008 Paris, France, Paris, Île-de-France 75008, FRA",48.8706373,2.2982095
371,Hotel Louis 2,"2 Rue Saint-Sulpice, 75006 Paris, France, Paris, Île-de-France 75006, FRA",48.8516148,2.3381293
372,Hotel du Collectionneur Arc de Triomphe,"53 Rue de Courcelles, 75008 Paris, France, Paris, Île-de-France 75008, FRA",48.8769204,2.3069132
373,Hotel de Nell,"9 Rue du Conservatoire, 75009 Paris, France, Paris, Île-de-France 75009, FRA",48.8732788,2.3466576
374,Novotel Paris Centre Gare Montparnasse,"17 Rue du Cotentin, 75015 Paris, France, Paris, Île-de-France 75015, FRA",48.838484,2.3150904
375,Edouard 7 Paris Op ra,"39 Avenue de l'Opéra, 75002 Paris, France, Paris, Île-de-France 75002, FRA",48.8683133,2.3330851
376,Boutique H tel Konfidentiel,"64 Rue de l'Arbre-Sec, 75001 Paris, France, Paris, Île-de-France 75001, FRA",48.8612535,2.3426256
377,Holiday Inn Paris Elys es,"24 Rue de Miromesnil, 75008 Paris, France, Paris, Île-de-France 75008, FRA",48.8730437,2.3161144
378,Mercure Paris 19 Philharmonie La Villette,"228 Avenue Jean Jaurès, 75019 Paris, France, Paris, Île-de-France 75019, FRA",48.8886969,2.3945403
379,Hotel Montalembert,"5 Rue Montalembert, 75007 Paris, France, Paris, Île-de-France 75007, FRA",48.8567042,2.3277805
380,Royal Garden Champs Elysees,"218 Rue du Faubourg Saint-Honoré, 75008 Paris, France, Paris, Île-de-France 75008, FRA",48.8757155,2.3038781
381,H tel Original Paris,"6 Boulevard Beaumarchais, 75011 Paris, France, Paris, Île-de-France 75011, FRA",48.8546989,2.3691899
382,H tel Raphael,"2 Avenue des Portugais, 75116 Paris, France, Paris, Île-de-France 75116, FRA",48.8713239,2.2937849
383,H tel Pont Royal,"7 Rue Montalembert, 75007 Paris, France, Paris, Île-de-France 75007, FRA",48.8565629,2.3273623
384,Mill sime H tel,"15 Rue Jacob, 75006 Paris, France, Paris, Île-de-France 75006, FRA",48.8550236,2.3350786
385,Pullman Paris Montparnasse,"12 Rue Vercingétorix, 75014 Paris, France, Paris, Île-de-France 75014, FRA",48.8382943,2.3210421
386,H tel Le Marianne,"11 Rue Paul Baudry, 75008 Paris, France, Paris, Île-de-France 75008, FRA",48.8725794,2.3075779
387,Paris Marriott Champs Elysees Hotel,"Galerie du Claridge, 75008 Paris, France, Paris, Île-de-France 75008, FRA",48.8711365,2.3050482
388,H tel des Ducs D Anjou,"1 Rue Sainte-Opportune, 75001 Paris, France, Paris, Île-de-France 75001, FRA",48.8598229,2.347111
389,H tel Gustave,"34 Rue Viala, 75015 Paris, France, Paris, Île-de-France 75015, FRA",48.8502052,2.289043
390,TRYP Paris Op ra,"3 Boulevard Montmartre, 75002 Paris, France, Paris, Île-de-France 75002, FRA",48.8713619,2.3426375
391,Mercure Paris Montmartre Sacr Coeur,"5 Rue Caulaincourt, 75018 Paris, France, Paris, Île-de-France 75018, FRA",48.8852794,2.3301021
392,H tel Square Louvois,"12 Rue de Louvois, 75002 Paris, France, Paris, Île-de-France 75002, FRA",48.8684165,2.336869
393,H tel Baume,"7 Rue Casimir Delavigne, 75006 Paris, France, Paris, Île-de-France 75006, FRA",48.8501522,2.3392782
394,Mercure Paris Gobelins Place d Italie,"8B Avenue de la Soeur Rosalie, 75013 Paris, France, Paris, Île-de-France 75013, FRA",48.8321231,2.3536172
395,Le Pavillon de la Reine Spa,"28 Place des Vosges, 75003 Paris, France, Paris, Île-de-France 75003, FRA",48.8562725,2.3660412
396,Windsor Opera,"10 Rue Gabriel Laumain, 75010 Paris, France, Paris, Île-de-France 75010, FRA",48.8734851,2.3485111
397,Hotel Maison FL,"3 Rue Auguste Maquet, 75016 Paris, France, Paris, Île-de-France 75016, FRA",48.8396395,2.2663056
398,Franklin Roosevelt,"18 Rue Clément Marot, 75008 Paris, France, Paris, Île-de-France 75008, FRA",48.8678432,2.3033075
399,Sofitel Paris Le Faubourg,"15 Rue Boissy d'Anglas, 75008 Paris, France, Paris, Île-de-France 75008, FRA",48.868414,2.3213247
